feature,b_cross,SE_cross,CI_lo,CI_hi,p_cross,b_AR,p_AR,n,n_subj,q_cross
liwc_hear,0.10148967356759497,0.044106282999605874,0.015042947396436204,0.18793639973875376,0.021390200430401983,0.6202506140732557,7.243852468384655e-10,244,89,0.8130958429331944
liwc_leisure,0.09594651390544193,0.04456028818042027,0.008609953931092332,0.18328307387979154,0.03130419530842958,0.6138983352433479,4.1338005728873235e-11,244,89,0.8130958429331944
liwc_i,0.1003808495109579,0.048530516013194136,0.005262785973953021,0.19549891304796277,0.03860178597355027,0.5729208463533154,4.828754689708457e-08,244,89,0.8130958429331944
liwc_filler_words,-0.12376730336678637,0.06030871081073684,-0.241970204509872,-0.005564402223700762,0.04014738324270331,0.5795077804875036,9.112553433057324e-09,244,89,0.8130958429331944
liwc_six_plus_words,-0.08519542253765976,0.04437572089736494,-0.17217023728449649,0.001779392209176972,0.054874870930896616,0.6239956367446023,2.563070350659629e-12,244,89,0.8130958429331944
liwc_power,0.08507723612627878,0.04527243793888861,-0.0036551117262676597,0.17380958397882523,0.06021335855056633,0.6060443039627094,1.604395943402034e-09,244,89,0.8130958429331944
liwc_time,0.0862978735042764,0.04636081723356876,-0.004567658567362243,0.17716340557591503,0.0626820849413949,0.6273194851963162,1.8445190791210174e-09,244,89,0.8130958429331944
liwc_personal_pronouns,0.08897356639475909,0.05027775489761975,-0.009569022428107934,0.1875161552176261,0.07678699759013087,0.5708076083733175,3.5806370416137747e-07,244,89,0.8130958429331944
liwc_death,-0.09166294736655613,0.05564930276189125,-0.20073357654462834,0.017407681811516085,0.0995264857320146,0.6618739088473133,2.0632200378884772e-11,244,89,0.8130958429331944
liwc_quantifiers,-0.07457918275142535,0.04535959007096545,-0.16348234564401826,0.014323980141167564,0.1001397008987167,0.6074504970306744,6.864721313700673e-11,244,89,0.8130958429331944
liwc_concrete,0.07440481241255646,0.04561036909433092,-0.014989868333910916,0.16379949315902384,0.10282417899223584,0.6075355194174514,1.3706217004360744e-09,244,89,0.8130958429331944
liwc_they,-0.0794260628526386,0.04918170397641887,-0.17582043134472997,0.016968305639452744,0.10632121481532165,0.6081999959372515,2.2216762881021224e-10,244,89,0.8130958429331944
liwc_allure,-0.07360156882418488,0.04583020228736808,-0.16342711471161153,0.01622397706324176,0.10828223314162928,0.5883793648362036,2.5001439765005943e-08,244,89,0.8130958429331944
liwc_inaction,0.07334027429346493,0.04707426476121114,-0.018923589237211907,0.16560413782414177,0.11924045039526239,0.5901382133172964,1.1150889782812516e-09,244,89,0.8130958429331944
liwc_netspeak,-0.07458401100095269,0.04823700132679811,-0.16912679632368777,0.019958774321782405,0.1220564759892371,0.6109844879753058,1.5253630476787586e-10,244,89,0.8130958429331944
liwc_comparisons,-0.06775647621753798,0.04417706015243348,-0.15434192305916716,0.018828970624091182,0.12509166814356837,0.6115254717712323,3.137733682087864e-10,244,89,0.8130958429331944
liwc_numbers,0.06006547421707709,0.04540324183910453,-0.028923244568929925,0.14905419300308412,0.18585746003722936,0.6059702939003517,3.0045495587962033e-10,244,89,0.9148964165275159
liwc_time_orientation,0.05805845265490354,0.044137983258018924,-0.028450404881045437,0.1445673101908525,0.1883804562645518,0.620497550795874,4.111184439694472e-11,244,89,0.9148964165275159
liwc_avoidance,-0.06125403981548422,0.04768726976666761,-0.15471937107919853,0.03221129144823008,0.1989689568620706,0.6345255731369166,4.613682289317331e-10,244,89,0.9148964165275159
liwc_clout,-0.06071593498742483,0.04790736544649651,-0.15461264585675663,0.03318077588190697,0.20502617542813983,0.5969003310024535,1.2705135995518022e-09,244,89,0.9148964165275159
liwc_female,-0.06080046910722232,0.04931607010083779,-0.15745819036391698,0.03585725214947235,0.2176230155124238,0.6014884239831046,5.197384217129758e-10,244,89,0.9148964165275159
liwc_adjectives,-0.05513907636201636,0.04550957093879516,-0.14433619635392558,0.034058043629892856,0.22566822570248346,0.6142187950873994,1.541171631557814e-09,244,89,0.9148964165275159
liwc_reward,-0.053056700510867416,0.044399147294610426,-0.14007743015259283,0.033964029130858,0.23208949852906546,0.6026931021836015,2.4535166561911845e-09,244,89,0.9148964165275159
liwc_pronouns,0.05274253510357935,0.04526169023109984,-0.03596874762878474,0.14145381783594344,0.2439057372135891,0.6173623417411811,4.4988193734918556e-11,244,89,0.9148964165275159
liwc_focus_past,0.05239757660055785,0.04563827505683446,-0.037051798827370384,0.14184695202848607,0.2509248149965636,0.5985562870606882,2.333862196383252e-09,244,89,0.9148964165275159
liwc_discrepancies,0.049778958165685505,0.04608707824842989,-0.0405500553539164,0.1401079716852874,0.28009470569826544,0.5890914205999702,1.5580063751687704e-08,244,89,0.9148964165275159
liwc_authentic,0.0483767611356635,0.045732832208901994,-0.04125794290479777,0.13801146517612478,0.2901409371939113,0.6137496700314673,1.8739740946858765e-10,244,89,0.9148964165275159
liwc_anxiety_words,-0.04808204956347883,0.04547883431520184,-0.13721892688013876,0.04105482775318111,0.2904020006914272,0.6225281858596985,8.498875193986788e-10,244,89,0.9148964165275159
liwc_family,-0.049140615734024326,0.04766506991758885,-0.14256243609308203,0.04428120462503338,0.3025611988620809,0.6264498509444498,1.0079439246488434e-11,244,89,0.9148964165275159
liwc_affective_processes,-0.04550302672026379,0.045217064412121394,-0.1341268444546495,0.04312079101412194,0.3142596371852515,0.6199879174428339,5.987721338381093e-10,244,89,0.9148964165275159
liwc_adverbs,-0.045722836531955836,0.04651149464856707,-0.13688369091027475,0.04543801784636308,0.3255858812358007,0.5943258124823563,3.1469983379388335e-09,244,89,0.9148964165275159
liwc_verbs,0.0420261677365609,0.044596938592990965,-0.04538222572644579,0.1294345611995676,0.346010692337435,0.610993522890424,1.906184482160374e-10,244,89,0.9148964165275159
liwc_action,0.041762530834304486,0.04456789322301091,-0.04558893474962366,0.12911399641823262,0.3487306867795593,0.5989894470827433,1.0839954818383007e-09,244,89,0.9148964165275159
liwc_achievement,-0.04192574137585233,0.04487476604465833,-0.1298786666380436,0.046027183886338925,0.3501578124043657,0.61635540937487,3.617291319092342e-10,244,89,0.9148964165275159
liwc_cognitive_processes,0.04287750221834455,0.04632016417734103,-0.04790835132722625,0.13366335576391536,0.35461395835853227,0.6066233940804315,6.593211202020068e-10,244,89,0.9148964165275159
liwc_commas,0.04163870321000481,0.04527714460200915,-0.047102869532745235,0.13038027595275486,0.35776057075277523,0.6263192605567545,1.6874660720512657e-10,244,89,0.9148964165275159
liwc_approach,-0.04195328694924446,0.0461752561310324,-0.13245512594298028,0.04854855204449136,0.363579041051313,0.6218445052521513,1.4495560685898154e-10,244,89,0.9148964165275159
liwc_positive_emotion_words,-0.04084402475058181,0.045195416966731614,-0.12942541427164628,0.04773736477048264,0.36614362687569646,0.598850265242407,9.840216689288435e-09,244,89,0.9148964165275159
liwc_friends,0.04725916916255717,0.05254925921012166,-0.055735486303541006,0.15025382462865536,0.3684764678096072,0.6255244090893307,2.3635022057008447e-09,244,89,0.9148964165275159
liwc_health,-0.04191872362969974,0.04667495897110876,-0.1333999621929576,0.04956251493355812,0.3691328902963298,0.6262297084315089,1.141882026092004e-10,244,89,0.9148964165275159
liwc_certainty,0.03959961887911594,0.044416150565897594,-0.04745443656195169,0.12665367432018357,0.3726293531889683,0.6054372549347798,9.128736013005855e-10,244,89,0.9148964165275159
liwc_male,0.040559890008658145,0.04823610661095711,-0.0539811417032522,0.13510092172056848,0.40042547027475783,0.6160891851572883,1.0853559975264835e-09,244,89,0.9148964165275159
liwc_relativity,0.04018202743211146,0.047901900879116784,-0.053703973081964985,0.1340680279461879,0.4015591373288835,0.6269915428570423,3.31202457652822e-10,244,89,0.9148964165275159
liwc_differentiation,0.038473272710298316,0.04602025971373935,-0.0517247788878104,0.12867132430840703,0.40315080068604403,0.6165350227959648,2.7526204381134156e-10,244,89,0.9148964165275159
liwc_personal_concerns,0.0375611879052096,0.04518084706394439,-0.05099164513113365,0.12611402094155283,0.4057748025305392,0.6102804469696458,6.396216427051413e-10,244,89,0.9148964165275159
liwc_biological_processes,-0.03732993289885712,0.04554172201765583,-0.12659006784739735,0.05193020204968311,0.4123948707990278,0.6251555563120487,1.7122523794237008e-10,244,89,0.9148964165275159
liwc_sexual,0.053234724369900975,0.06560490232298528,-0.0753485213924183,0.18181797013222026,0.41711056473383934,0.5933360433453045,4.8991112123814897e-08,244,89,0.9148964165275159
liwc_negative_emotion_words,-0.037617228154819285,0.04726806447785631,-0.13026093215033474,0.05502647584069616,0.42613227377713836,0.6242748066196201,1.0410487309362443e-09,244,89,0.9148964165275159
liwc_other_punctuation,0.05300019021953359,0.06771428317000074,-0.07971736603261459,0.18571774647168177,0.4338013871258236,0.6115308372057168,8.012218871287839e-10,244,89,0.9148964165275159
liwc_social_processes,-0.03512358040917651,0.0472273530496881,-0.12768749147172306,0.05744033065337006,0.45705032811709745,0.6090661905765425,2.120838772824339e-10,244,89,0.9148964165275159
liwc_apostrophes,-0.03376262408899095,0.04583123548800881,-0.12359019501246224,0.05606494683448033,0.4613213580937885,0.6047138283830586,1.3817670224512894e-09,244,89,0.9148964165275159
liwc_function_words,0.032841820767380396,0.044694729379718766,-0.05475823911563261,0.12044188065039341,0.46245948612266363,0.6109000478961785,3.928106765003432e-10,244,89,0.9148964165275159
liwc_risk,-0.03137055256461209,0.04471479261305605,-0.11900993566237959,0.056268830533155414,0.48294742869839546,0.6168552864308614,1.0302147098800825e-10,244,89,0.9148964165275159
liwc_motion,0.031760228450943825,0.04619854276604021,-0.05878725150872843,0.12230770841061608,0.4917850141161171,0.618747657710613,1.830906224138479e-10,244,89,0.9148964165275159
liwc_space,-0.03151515576090449,0.04597123630374576,-0.12161712324102641,0.058586811719217445,0.49300275611198396,0.6100105234522336,4.08463957669649e-10,244,89,0.9148964165275159
liwc_low_empathy,-0.03217811501651953,0.04721954810924872,-0.12472672867690343,0.06037049864386437,0.49558205261773725,0.594143284024607,2.955005367324876e-08,244,89,0.9148964165275159
liwc_exclamations,-0.06583433475376393,0.10087419752779761,-0.26354412887762657,0.13187545937009873,0.5139896800525147,0.6078817779628295,1.908962133374087e-09,244,89,0.9148964165275159
liwc_she_he,0.030694819298693984,0.04752689946004106,-0.06245619193984263,0.1238458305372306,0.5183823457603479,0.6123163681015976,1.1130953383344236e-09,244,89,0.9148964165275159
liwc_feel,-0.028535503442356055,0.044645315401738266,-0.11603871370819444,0.05896770682348232,0.5227187975619092,0.6158215727456275,5.349212685364049e-10,244,89,0.9148964165275159
liwc_assent,0.026897960873166597,0.04568608600172822,-0.06264512228482023,0.11644104403115342,0.5560249126649379,0.612543356921461,4.491228899852505e-10,244,89,0.9148964165275159
liwc_nonfluencies,-0.02635432629452145,0.04496281637761568,-0.11447982703813588,0.06177117444909298,0.5577841115307742,0.6124710554704997,2.1852162808527407e-10,244,89,0.9148964165275159
liwc_religion,-0.028801046908590144,0.05036967623442695,-0.12752379824101007,0.06992170442382976,0.5674619696348261,0.613243462352918,2.9380827058336017e-10,244,89,0.9148964165275159
liwc_impersonal_pronouns,-0.026057792668724107,0.04711581635838304,-0.11840309583335801,0.06628751049590978,0.580223498811608,0.5964341057046423,3.233869878392735e-08,244,89,0.9148964165275159
liwc_agency_language,-0.024312412100224088,0.04509674411358537,-0.1127004063828701,0.06407558218242193,0.589806268371807,0.609637342984479,1.7407945017833546e-09,244,89,0.9148964165275159
liwc_drives,-0.023503286935580216,0.044498832583929254,-0.11071939615415899,0.06371282228299854,0.5973760697225967,0.6141595092650362,2.1580612293144903e-10,244,89,0.9148964165275159
liwc_money,-0.026833752452373304,0.05127398770640619,-0.12732892170067892,0.07366141679593231,0.6007373478802414,0.6049916176312173,9.404473512445176e-10,244,89,0.9148964165275159
liwc_quotes,-0.024252081679514034,0.04645508332757015,-0.11530237190035866,0.06679820854133059,0.6016324392481021,0.6058823577438551,1.0817254902389927e-09,244,89,0.9148964165275159
liwc_dictionary_words,0.022938796496696185,0.04518583786168324,-0.06562381832346934,0.1115014113168617,0.6116956228017564,0.6204584624950954,1.5002229837174772e-10,244,89,0.9148964165275159
liwc_affiliation,-0.0221791805594021,0.045679818773206406,-0.1117099801752033,0.0673516190563991,0.6272964297324678,0.6115876089111102,2.4241881321510675e-10,244,89,0.9148964165275159
liwc_swear_words,0.025506496431647572,0.05472751140949533,-0.08175745489446817,0.1327704477577633,0.6411700365982238,0.614159731941541,5.67388298557391e-10,244,89,0.9148964165275159
liwc_ingestion,-0.020799672301133568,0.045456731746763165,-0.10989322937968787,0.06829388477742074,0.647260838731206,0.6113863866919609,4.312736700884333e-10,244,89,0.9148964165275159
liwc_negations,0.020301694567152587,0.04629181777376599,-0.0704286010483199,0.11103199018262506,0.6609810909608267,0.6121456931808053,3.4146743909651506e-10,244,89,0.9148964165275159
liwc_home,0.01973301406659694,0.0466184669442121,-0.0716375021585298,0.11110353029172369,0.6720855172581052,0.608019923961851,1.8078208433312043e-09,244,89,0.9148964165275159
liwc_tentative,0.018963685040778156,0.04482736710242124,-0.06889634000172311,0.10682371008327941,0.6722674498691421,0.611478363384842,6.469194798630281e-10,244,89,0.9148964165275159
liwc_body,0.01827990284391414,0.045319494570150415,-0.0705446743111392,0.1071044799989675,0.6866861429635254,0.6062908433665863,1.2053355992117311e-09,244,89,0.9148964165275159
liwc_absolutist,-0.018590103059627074,0.04636395482530081,-0.10946178469805873,0.07228157857880457,0.6884493876428543,0.6107969763763892,9.677423203828455e-10,244,89,0.9148964165275159
liwc_prepositions,-0.018090230992051676,0.04544194367853246,-0.10715480398947287,0.07097434200536952,0.6905598286041356,0.617965399923592,2.789757008791257e-10,244,89,0.9148964165275159
liwc_insight,0.018795803013224296,0.04740317358836464,-0.07411270997287071,0.1117043159993193,0.6917292888077717,0.6113482217768826,2.980316169819578e-10,244,89,0.9148964165275159
liwc_question_marks,0.018338096609559464,0.04676651702031358,-0.07332259243263459,0.10999878565175353,0.694969393323786,0.6124133182535381,5.956369242784462e-10,244,89,0.9148964165275159
liwc_sad_words,0.016712391943846102,0.04512830481784468,-0.07173746018247487,0.10516224407016708,0.7111361807513892,0.6079633349930721,1.8691268085066708e-09,244,89,0.9160351908051104
liwc_articles,-0.016940367652320605,0.046130638947271485,-0.10735475857279342,0.07347402326815222,0.713450485146288,0.6101853157216341,4.145928405986686e-10,244,89,0.9160351908051104
liwc_focus_present,0.014937030612946755,0.04521426036921356,-0.07368129129832851,0.10355535252422202,0.7411271671307527,0.6147852038729377,4.416747134176031e-10,244,89,0.9353007145007245
liwc_periods,0.015104852203949071,0.04671586681534852,-0.07645656426070391,0.10666626866860204,0.7464419163803859,0.6062233367911818,1.3605270530167988e-09,244,89,0.9353007145007245
liwc_analytical_thinking,-0.013649582891388724,0.04718281084852918,-0.10612619284387166,0.07882702706109422,0.7723583688250516,0.6108622418210536,5.837792989636012e-10,244,89,0.9471086094932051
liwc_you,-0.012622083267682245,0.045270795481346805,-0.10135121196260061,0.07610704542723612,0.7803883887813298,0.6117039884703133,5.29768924009028e-10,244,89,0.9471086094932051
liwc_dashes,0.01239857118158975,0.047506104666965664,-0.08071168301145312,0.10550882537463263,0.7941009831008865,0.6117668777471754,6.11142110439786e-10,244,89,0.9471086094932051
liwc_causation,-0.012012186264573885,0.047134503662992926,-0.10439411587321128,0.08036974334406351,0.7988396436754782,0.619409450814992,3.9280438516100706e-10,244,89,0.9471086094932051
liwc_other_grammar,0.011116020058549374,0.04419252931237347,-0.07549974577943326,0.09773178589653202,0.8013995926480966,0.6125584582469575,4.135617275149741e-10,244,89,0.9471086094932051
liwc_emotional_tone,-0.009558896213094897,0.04771098773296727,-0.10307071383654307,0.08395292141035327,0.8412068637592719,0.6050859364703487,1.2740913693678302e-08,244,89,0.970717869834186
liwc_all_punctuation,0.008841644568408845,0.046056196771183874,-0.08142684236800148,0.09911013150481916,0.847761682954526,0.6142871020178812,5.118718947126925e-10,244,89,0.970717869834186
liwc_high_empathy,-0.008389709403109078,0.04600236295950311,-0.09855268400747459,0.08177326520125643,0.855287958437696,0.6127775373154603,9.942703533469653e-10,244,89,0.970717869834186
liwc_focus_future,0.00727286356581265,0.044716000698231374,-0.08036888733538876,0.09491461446701406,0.870797432040988,0.6141579636881241,4.24861026007884e-10,244,89,0.970717869834186
liwc_colons,0.008718613019703824,0.054790114603221675,-0.09866803831143274,0.11610526435084038,0.8735684359394201,0.6146360876023036,5.038116898460347e-10,244,89,0.970717869834186
liwc_abstract,0.0070820534106616935,0.04590036886578125,-0.08288101644337317,0.09704512326469655,0.8773796131193604,0.6119493440366893,6.311860146449699e-10,244,89,0.970717869834186
liwc_we,0.00534811573204605,0.04836083444818897,-0.08943737804870831,0.10013360951280041,0.9119432642399927,0.6131452751567269,4.85032077093035e-10,244,89,0.9767008622433262
liwc_informal_language,-0.004759169094778459,0.045528720320324366,-0.09399382118481113,0.08447548299525422,0.9167478564958971,0.609751214387846,8.256287347697413e-10,244,89,0.9767008622433262
liwc_conjunctions,0.0044318685692841765,0.04559033057560591,-0.08492353740217863,0.09378727454074699,0.922559060107272,0.6096699229100662,9.33312919232845e-10,244,89,0.9767008622433262
liwc_perceptual_processes,-0.004026873728466167,0.04564813690469478,-0.09349557802302164,0.08544183056608931,0.9297053892929772,0.6109541754752336,7.625800854307204e-10,244,89,0.9767008622433262
liwc_auxiliary_verbs,0.004012003902773616,0.04550469208131885,-0.08517555370419631,0.09319956150974355,0.9297440900200893,0.6116769425369004,6.263415887129614e-10,244,89,0.9767008622433262
liwc_work,0.0033946523319472823,0.045520786538104804,-0.08582444983067386,0.09261375449456843,0.9405539202504929,0.6128202038171636,7.650325678542592e-10,244,89,0.9781760770605126
liwc_see,-0.0024269715611571546,0.04716974907031969,-0.09487798089877544,0.09002403777646115,0.9589654571778115,0.6125198892332963,4.998617034711867e-10,244,89,0.9874495796682415
liwc_interrogatives,0.001016551412297967,0.04639000383702298,-0.08990618535094198,0.09193928817553791,0.9825172299574743,0.6134673209495679,7.066179305764338e-10,244,89,0.9927948975883732
liwc_communion_language,-0.0009741354366699479,0.04639609034861651,-0.09190880154342472,0.08996053067008482,0.9832487928038697,0.6135463231839025,6.684795963023446e-10,244,89,0.9927948975883732
liwc_anger_words,-0.00030100674334308526,0.046206357828464974,-0.09086380394390482,0.09026179045721865,0.9948022967872979,0.6135226979563937,5.815674680487038e-10,244,89,0.9948022967872979
