mediator,a,a_se,a_p,b,b_se,b_p,c,c_p,c_prime,c_prime_se,c_prime_p,indirect,CI_lo,CI_hi,sig_MC,prop_mediated,n_obs,n_subjects,p_indirect_proxy,q_fdr
BHOL7,0.22009291910477338,0.08223165347280713,0.007439583957635447,3.239507531111645,0.44725282087823126,4.3846647374084227e-13,1.515149468575521,0.026619244978882652,0.7313783031773495,0.648346981031789,0.25929197017380623,0.7129926689842594,0.17522225817652065,1.2952626949582557,True,0.47057579715523695,322,103,0.007439583957635447,0.12276634861138942
BAI19,0.20498335688258443,0.08630044856796779,0.01753804980162706,3.283618797537019,0.4139018821660094,2.133524368488398e-15,1.515149468575521,0.026619244978882652,0.8369648603778526,0.623209746002859,0.17927500221098736,0.6730872038418935,0.10863802903435753,1.2742492901342966,True,0.444238154585964,322,103,0.01753804980162706,0.12276634861138942
BHOL2,0.17739020488585677,0.0843656632179894,0.03549767905215582,3.5334368745893583,0.43295577292677945,3.31723674958025e-16,1.515149468575521,0.026619244978882652,0.7843978485582059,0.6334891425211101,0.21563512814568064,0.6267970911346477,0.035860433483055815,1.2484635544546052,True,0.41368663893202273,322,103,0.03549767905215582,0.19878700269207258
BHOL11,0.21335496868054737,0.08536420611367568,0.012442160591624084,2.902513231736876,0.4309442359793798,1.6365858691504288e-11,1.515149468575521,0.026619244978882652,0.8510194040639226,0.650257188377881,0.19062149339325396,0.6192656196520955,0.1222085479839258,1.1639481104555591,True,0.408715861039309,322,103,0.012442160591624084,0.12276634861138942
HAMD2,0.21266859675327918,0.08603439648337291,0.013439635279291234,2.701970869461422,0.4248236962926291,2.0146900172000612e-10,1.515149468575521,0.026619244978882652,0.9368810797599275,0.6540544477611742,0.152023479855182,0.5746243532765983,0.1082437915148219,1.0964054452336047,True,0.3792525854342514,322,103,0.013439635279291234,0.12276634861138942
PHQ9,0.09571864726689688,0.08618190617121178,0.26671546855871653,4.232340395428596,0.3917440895692751,3.3010347209385416e-27,1.515149468575521,0.026619244978882652,0.941148093054254,0.5876412051990761,0.1092508918685594,0.4051138974234687,-0.31725961911779954,1.1187629091612754,False,0.26737553345435916,322,103,0.26671546855871653,0.4392960658614155
BHOL19,-0.12950296989241547,0.08182501539490573,0.11349398841193864,-3.053391419618126,0.45728512266362453,2.4352433205715037e-11,1.515149468575521,0.026619244978882652,1.0541654848898108,0.6540546052773337,0.10701869077677993,0.3954232570845659,-0.0937358809658886,0.9382014894009886,False,0.2609797021915772,322,103,0.11349398841193864,0.3677878913304248
BAI14,0.11411304424929691,0.08040569337428907,0.15583606094216693,3.283474564558795,0.4473608121264582,2.141431911902514e-13,1.515149468575521,0.026619244978882652,1.1594936073037032,0.6356692174967281,0.0681442350450531,0.37468727827693865,-0.1477679468984462,0.9184601286512277,False,0.24729393769263153,322,103,0.15583606094216693,0.3677878913304248
PHQ4,0.1310345250081858,0.08889583417686431,0.14047533553115948,2.604170814966432,0.41079685143237327,2.3078832126257548e-10,1.515149468575521,0.026619244978882652,1.0810345956161953,0.6471477042719225,0.09482831333642366,0.34123628577930654,-0.11646906991851583,0.8283657376334402,False,0.22521625282297883,322,103,0.14047533553115948,0.3677878913304248
BHOL6,-0.11906673329542145,0.08422949842305565,0.15747968011622926,-2.8368390990334813,0.44139604420031164,1.3017256684280385e-10,1.515149468575521,0.026619244978882652,1.1443162955241482,0.6514045186182343,0.07897053422291986,0.3377731644066432,-0.1280872675601699,0.8556210251481102,False,0.22293058962968396,322,103,0.15747968011622926,0.3677878913304248
BAI15,0.11159781510446733,0.0834325909912724,0.18103319202214174,2.9967172062285194,0.43704367842182856,7.042449307423183e-12,1.515149468575521,0.026619244978882652,1.1751109873600027,0.6423133397339694,0.06732503470577032,0.3344270927010662,-0.16134728971540102,0.8530380693689047,False,0.22072217932101465,322,103,0.18103319202214174,0.3825544287153311
BHOL13,-0.09989368555671184,0.07976894462473619,0.2104649699039649,-3.311607041965077,0.4661286630097741,1.2076650744988483e-12,1.515149468575521,0.026619244978882652,1.0858594185971933,0.6479357899662745,0.09376267149264976,0.330808632537452,-0.18662922591197248,0.8898218356315608,False,0.21833399238720932,322,103,0.2104649699039649,0.3928679438207345
BAI1,0.1339076933077051,0.08487366162342479,0.11462772929815532,2.4555355065410693,0.44719771485264,3.998017551827192e-08,1.515149468575521,0.026619244978882652,1.1281478298198195,0.6622415496172762,0.08846907473758546,0.3288150955160818,-0.08315975750878142,0.7782176240496549,False,0.21701825617588721,322,103,0.11462772929815532,0.3677878913304248
BAI5,0.08627589641755483,0.08615391116025156,0.31662578062883995,3.6838091391480146,0.4045905369982018,8.624228058013768e-20,1.515149468575521,0.026619244978882652,1.189855532765317,0.6123176767022598,0.05199203293693468,0.31782393571117595,-0.31134508145900586,0.9461346574820069,False,0.20976408090614354,322,103,0.31662578062883995,0.49252899208930656
PHQ8,-0.14174318941310995,0.08389162993653376,0.0911047536127105,2.2300231993256956,0.4510838126307718,7.665349800363822e-07,1.515149468575521,0.026619244978882652,1.8345865487276842,0.6655013860780303,0.0058388194559240636,-0.31609060073765155,-0.7478342108034887,0.04735734331922476,False,-0.20862007827836715,322,103,0.0911047536127105,0.3677878913304248
BHOL20,0.09410035302602719,0.07200767202477244,0.19127721435766554,3.122129148614261,0.49230699243928033,2.2704611071248765e-10,1.515149468575521,0.026619244978882652,1.2181254789871454,0.6510655351354243,0.06134894240782022,0.2937934550774517,-0.15190309211911332,0.7627804334398659,False,0.19390394226495938,322,103,0.19127721435766554,0.3825544287153311
BHOL10,-0.12028745855021837,0.08512250153709681,0.15762338199875348,-2.186270189640167,0.4446480730269331,8.794555278795607e-07,1.515149468575521,0.026619244978882652,1.2522830420760915,0.6651135965838397,0.059726017157201564,0.26298088481591964,-0.10227998890357258,0.6796701163694162,False,0.173567618423259,322,103,0.15762338199875348,0.3677878913304248
BAI9,0.06804815265158176,0.07970754662682286,0.3932585788360413,2.5469058695106863,0.46620955048845586,4.681370850764509e-08,1.515149468575521,0.026619244978882652,1.323455180758514,0.6580982106573003,0.04432229827915309,0.17331223939767276,-0.22992956413177798,0.5955144638279369,False,0.11438623250854159,322,103,0.3932585788360413,0.5795389582846925
BHOL15,-0.09916332260144237,0.08425414813333369,0.2392135545653823,-1.5953776904285222,0.45735314742276145,0.00048613133110604736,1.515149468575521,0.026619244978882652,1.3307015374220037,0.6755291290759732,0.048853785317776864,0.1582029525871076,-0.10150482781478874,0.4785975807554298,False,0.1044140897437949,322,103,0.2392135545653823,0.41862372048941904
BAI12,0.045410547248600414,0.08029322438646641,0.571693677406526,3.4481249008122314,0.44609629233589454,1.0792493452765159e-14,1.515149468575521,0.026619244978882652,1.327636670044297,0.6276126099928545,0.03439791125667177,0.15658123872740945,-0.394231572081513,0.7044523981114191,False,0.10334375715065292,322,103,0.571693677406526,0.7267402162920914
BAI17,0.05018737324130604,0.08344669714830472,0.547553413319166,3.0391036087441856,0.43662981072536783,3.3938808156883076e-12,1.515149468575521,0.026619244978882652,1.3480819545441012,0.6394549401002625,0.03501598523871498,0.15252462713104456,-0.3520624099780489,0.6614659717465095,False,0.1006663898806246,322,103,0.547553413319166,0.7267402162920914
BAI7,0.0357880650102197,0.07278199438466752,0.6229201853932211,3.7935915954800294,0.47960345001321647,2.5769814344754174e-15,1.515149468575521,0.026619244978882652,1.3905427581718408,0.6241690470685634,0.02589182892025924,0.13576530264126238,-0.41437003965161257,0.6792450207612412,False,0.08960522077660307,322,103,0.6229201853932211,0.7267402162920914
BAI11,0.042419849487262073,0.08193714666967798,0.6046591783930786,3.0114366265166455,0.4430531583465376,1.0681288942293132e-11,1.515149468575521,0.026619244978882652,1.3998903035605632,0.6373499427166418,0.028061655070734062,0.12774468843726436,-0.36302692428390193,0.6221997735455401,False,0.08431160825166938,322,103,0.6046591783930786,0.7267402162920914
BAI6,0.03512503264059754,0.07069754694772837,0.6193052429207884,3.2749988875550504,0.5005304446382989,6.027411912720062e-11,1.515149468575521,0.026619244978882652,1.3827205224691677,0.6457170707941735,0.03224404268634487,0.11503444282329178,-0.3456478889649119,0.5802441966383395,False,0.07592283481539433,322,103,0.6193052429207884,0.7267402162920914
BAI2,0.03693215915163014,0.08304171506351392,0.6565060331951351,2.697443247404781,0.44276188925404014,1.1129201632194116e-09,1.515149468575521,0.026619244978882652,1.4281706541526735,0.6458871004087602,0.027023587471871505,0.0996224033156434,-0.3478869852052299,0.5528704225016562,False,0.06575087500067181,322,103,0.6565060331951351,0.7352867571785513
BAI8,-0.02477124525515323,0.08220863308942813,0.7631691935599498,3.6890192635181824,0.4244617802241727,3.590996666138224e-18,1.515149468575521,0.026619244978882652,1.6796469335434867,0.6087260421099723,0.005792848684314772,-0.09138160092759363,-0.6985804456841205,0.5034892459836711,False,-0.06031193807796846,322,103,0.7631691935599498,0.8218745161414844
BAI13,-0.0023482382726609,0.08200968609281659,0.9771567584631461,3.22044940072446,0.4388163445414278,2.152826470057983e-13,1.515149468575521,0.026619244978882652,1.5781203652754827,0.630857038432613,0.01236510136308779,-0.007562382537949036,-0.5377962130706424,0.5077614964523224,False,-0.004991179216832559,322,103,0.9771567584631461,0.9908422772706326
BHOL16,-0.0009848059245207942,0.08580126452503553,0.9908422772706326,2.179574110121277,0.44538416959558547,9.896036170258668e-07,1.515149468575521,0.026619244978882652,1.4628702192229175,0.6633239714769689,0.02742862425426913,-0.0021464574965795714,-0.38263272913796825,0.3731368810179254,False,-0.0014166638612872825,322,103,0.9908422772706326,0.9908422772706326
